--
-- PostgreSQL database dump
--

-- Dumped from database version 14.15 (Ubuntu 14.15-0ubuntu0.22.04.1)
-- Dumped by pg_dump version 14.15 (Ubuntu 14.15-0ubuntu0.22.04.1)

SET statement_timeout = 0;
SET lock_timeout = 0;
SET idle_in_transaction_session_timeout = 0;
SET client_encoding = 'UTF8';
SET standard_conforming_strings = on;
SELECT pg_catalog.set_config('search_path', '', false);
SET check_function_bodies = false;
SET xmloption = content;
SET client_min_messages = warning;
SET row_security = off;

SET default_tablespace = '';

SET default_table_access_method = heap;

--
-- Name: account_main; Type: TABLE; Schema: public; Owner: postgres
--

CREATE TABLE public.account_main (
    id bigint NOT NULL,
    name character varying(128) NOT NULL,
    about text NOT NULL,
    tell character varying(255) NOT NULL,
    link character varying(255) NOT NULL,
    email character varying(255) NOT NULL,
    location character varying(255) NOT NULL,
    fb character varying(128) NOT NULL,
    tw character varying(128) NOT NULL,
    google character varying(128) NOT NULL,
    pt character varying(128) NOT NULL,
    picname text NOT NULL,
    picurl text NOT NULL,
    set_name character varying(128) NOT NULL,
    create_date timestamp with time zone,
    last_modified timestamp with time zone
);


ALTER TABLE public.account_main OWNER TO postgres;

--
-- Name: account_main_id_seq; Type: SEQUENCE; Schema: public; Owner: postgres
--

ALTER TABLE public.account_main ALTER COLUMN id ADD GENERATED BY DEFAULT AS IDENTITY (
    SEQUENCE NAME public.account_main_id_seq
    START WITH 1
    INCREMENT BY 1
    NO MINVALUE
    NO MAXVALUE
    CACHE 1
);


--
-- Name: account_user; Type: TABLE; Schema: public; Owner: postgres
--

CREATE TABLE public.account_user (
    id bigint NOT NULL,
    password character varying(128) NOT NULL,
    last_login timestamp with time zone,
    is_superuser boolean NOT NULL,
    username character varying(150) NOT NULL,
    first_name character varying(150) NOT NULL,
    last_name character varying(150) NOT NULL,
    email character varying(254) NOT NULL,
    is_staff boolean NOT NULL,
    is_active boolean NOT NULL,
    date_joined timestamp with time zone NOT NULL,
    role character varying(20) NOT NULL,
    mobile character varying(20) NOT NULL,
    personal_address text NOT NULL,
    city character varying(20) NOT NULL,
    user_photo character varying(100) NOT NULL,
    is_delete boolean NOT NULL,
    user_stripe_id character varying(20)
);


ALTER TABLE public.account_user OWNER TO postgres;

--
-- Name: account_user_groups; Type: TABLE; Schema: public; Owner: postgres
--

CREATE TABLE public.account_user_groups (
    id bigint NOT NULL,
    user_id bigint NOT NULL,
    group_id integer NOT NULL
);


ALTER TABLE public.account_user_groups OWNER TO postgres;

--
-- Name: account_user_groups_id_seq; Type: SEQUENCE; Schema: public; Owner: postgres
--

ALTER TABLE public.account_user_groups ALTER COLUMN id ADD GENERATED BY DEFAULT AS IDENTITY (
    SEQUENCE NAME public.account_user_groups_id_seq
    START WITH 1
    INCREMENT BY 1
    NO MINVALUE
    NO MAXVALUE
    CACHE 1
);


--
-- Name: account_user_id_seq; Type: SEQUENCE; Schema: public; Owner: postgres
--

ALTER TABLE public.account_user ALTER COLUMN id ADD GENERATED BY DEFAULT AS IDENTITY (
    SEQUENCE NAME public.account_user_id_seq
    START WITH 1
    INCREMENT BY 1
    NO MINVALUE
    NO MAXVALUE
    CACHE 1
);


--
-- Name: account_user_user_permissions; Type: TABLE; Schema: public; Owner: postgres
--

CREATE TABLE public.account_user_user_permissions (
    id bigint NOT NULL,
    user_id bigint NOT NULL,
    permission_id integer NOT NULL
);


ALTER TABLE public.account_user_user_permissions OWNER TO postgres;

--
-- Name: account_user_user_permissions_id_seq; Type: SEQUENCE; Schema: public; Owner: postgres
--

ALTER TABLE public.account_user_user_permissions ALTER COLUMN id ADD GENERATED BY DEFAULT AS IDENTITY (
    SEQUENCE NAME public.account_user_user_permissions_id_seq
    START WITH 1
    INCREMENT BY 1
    NO MINVALUE
    NO MAXVALUE
    CACHE 1
);


--
-- Name: auth_group; Type: TABLE; Schema: public; Owner: postgres
--

CREATE TABLE public.auth_group (
    id integer NOT NULL,
    name character varying(150) NOT NULL
);


ALTER TABLE public.auth_group OWNER TO postgres;

--
-- Name: auth_group_id_seq; Type: SEQUENCE; Schema: public; Owner: postgres
--

ALTER TABLE public.auth_group ALTER COLUMN id ADD GENERATED BY DEFAULT AS IDENTITY (
    SEQUENCE NAME public.auth_group_id_seq
    START WITH 1
    INCREMENT BY 1
    NO MINVALUE
    NO MAXVALUE
    CACHE 1
);


--
-- Name: auth_group_permissions; Type: TABLE; Schema: public; Owner: postgres
--

CREATE TABLE public.auth_group_permissions (
    id bigint NOT NULL,
    group_id integer NOT NULL,
    permission_id integer NOT NULL
);


ALTER TABLE public.auth_group_permissions OWNER TO postgres;

--
-- Name: auth_group_permissions_id_seq; Type: SEQUENCE; Schema: public; Owner: postgres
--

ALTER TABLE public.auth_group_permissions ALTER COLUMN id ADD GENERATED BY DEFAULT AS IDENTITY (
    SEQUENCE NAME public.auth_group_permissions_id_seq
    START WITH 1
    INCREMENT BY 1
    NO MINVALUE
    NO MAXVALUE
    CACHE 1
);


--
-- Name: auth_permission; Type: TABLE; Schema: public; Owner: postgres
--

CREATE TABLE public.auth_permission (
    id integer NOT NULL,
    name character varying(255) NOT NULL,
    content_type_id integer NOT NULL,
    codename character varying(100) NOT NULL
);


ALTER TABLE public.auth_permission OWNER TO postgres;

--
-- Name: auth_permission_id_seq; Type: SEQUENCE; Schema: public; Owner: postgres
--

ALTER TABLE public.auth_permission ALTER COLUMN id ADD GENERATED BY DEFAULT AS IDENTITY (
    SEQUENCE NAME public.auth_permission_id_seq
    START WITH 1
    INCREMENT BY 1
    NO MINVALUE
    NO MAXVALUE
    CACHE 1
);


--
-- Name: checkout_address; Type: TABLE; Schema: public; Owner: postgres
--

CREATE TABLE public.checkout_address (
    id bigint NOT NULL,
    street character varying(255) NOT NULL,
    city character varying(100) NOT NULL,
    state character varying(100) NOT NULL,
    country character varying(100) NOT NULL,
    postal_code character varying(20) NOT NULL,
    phone_number character varying(20) NOT NULL,
    email character varying(20) NOT NULL,
    is_delete boolean NOT NULL,
    created_at timestamp with time zone NOT NULL,
    updated_at timestamp with time zone NOT NULL,
    user_id_id bigint,
    name character varying(128)
);


ALTER TABLE public.checkout_address OWNER TO postgres;

--
-- Name: checkout_address_id_seq; Type: SEQUENCE; Schema: public; Owner: postgres
--

ALTER TABLE public.checkout_address ALTER COLUMN id ADD GENERATED BY DEFAULT AS IDENTITY (
    SEQUENCE NAME public.checkout_address_id_seq
    START WITH 1
    INCREMENT BY 1
    NO MINVALUE
    NO MAXVALUE
    CACHE 1
);


--
-- Name: checkout_cartitem; Type: TABLE; Schema: public; Owner: postgres
--

CREATE TABLE public.checkout_cartitem (
    id bigint NOT NULL,
    quantity integer NOT NULL,
    product_id bigint NOT NULL,
    user_id bigint NOT NULL,
    created_at timestamp with time zone NOT NULL,
    updated_at timestamp with time zone NOT NULL
);


ALTER TABLE public.checkout_cartitem OWNER TO postgres;

--
-- Name: checkout_cartitem_id_seq; Type: SEQUENCE; Schema: public; Owner: postgres
--

ALTER TABLE public.checkout_cartitem ALTER COLUMN id ADD GENERATED BY DEFAULT AS IDENTITY (
    SEQUENCE NAME public.checkout_cartitem_id_seq
    START WITH 1
    INCREMENT BY 1
    NO MINVALUE
    NO MAXVALUE
    CACHE 1
);


--
-- Name: django_admin_log; Type: TABLE; Schema: public; Owner: postgres
--

CREATE TABLE public.django_admin_log (
    id integer NOT NULL,
    action_time timestamp with time zone NOT NULL,
    object_id text,
    object_repr character varying(200) NOT NULL,
    action_flag smallint NOT NULL,
    change_message text NOT NULL,
    content_type_id integer,
    user_id bigint NOT NULL,
    CONSTRAINT django_admin_log_action_flag_check CHECK ((action_flag >= 0))
);


ALTER TABLE public.django_admin_log OWNER TO postgres;

--
-- Name: django_admin_log_id_seq; Type: SEQUENCE; Schema: public; Owner: postgres
--

ALTER TABLE public.django_admin_log ALTER COLUMN id ADD GENERATED BY DEFAULT AS IDENTITY (
    SEQUENCE NAME public.django_admin_log_id_seq
    START WITH 1
    INCREMENT BY 1
    NO MINVALUE
    NO MAXVALUE
    CACHE 1
);


--
-- Name: django_content_type; Type: TABLE; Schema: public; Owner: postgres
--

CREATE TABLE public.django_content_type (
    id integer NOT NULL,
    app_label character varying(100) NOT NULL,
    model character varying(100) NOT NULL
);


ALTER TABLE public.django_content_type OWNER TO postgres;

--
-- Name: django_content_type_id_seq; Type: SEQUENCE; Schema: public; Owner: postgres
--

ALTER TABLE public.django_content_type ALTER COLUMN id ADD GENERATED BY DEFAULT AS IDENTITY (
    SEQUENCE NAME public.django_content_type_id_seq
    START WITH 1
    INCREMENT BY 1
    NO MINVALUE
    NO MAXVALUE
    CACHE 1
);


--
-- Name: django_migrations; Type: TABLE; Schema: public; Owner: postgres
--

CREATE TABLE public.django_migrations (
    id bigint NOT NULL,
    app character varying(255) NOT NULL,
    name character varying(255) NOT NULL,
    applied timestamp with time zone NOT NULL
);


ALTER TABLE public.django_migrations OWNER TO postgres;

--
-- Name: django_migrations_id_seq; Type: SEQUENCE; Schema: public; Owner: postgres
--

ALTER TABLE public.django_migrations ALTER COLUMN id ADD GENERATED BY DEFAULT AS IDENTITY (
    SEQUENCE NAME public.django_migrations_id_seq
    START WITH 1
    INCREMENT BY 1
    NO MINVALUE
    NO MAXVALUE
    CACHE 1
);


--
-- Name: django_session; Type: TABLE; Schema: public; Owner: postgres
--

CREATE TABLE public.django_session (
    session_key character varying(40) NOT NULL,
    session_data text NOT NULL,
    expire_date timestamp with time zone NOT NULL
);


ALTER TABLE public.django_session OWNER TO postgres;

--
-- Name: order_order; Type: TABLE; Schema: public; Owner: postgres
--

CREATE TABLE public.order_order (
    id bigint NOT NULL,
    created_at timestamp with time zone NOT NULL,
    updated_at timestamp with time zone NOT NULL,
    status character varying(20) NOT NULL,
    tracking_number character varying(50),
    payment_method character varying(50) NOT NULL,
    payment_confirmed boolean NOT NULL,
    amount_pay numeric(10,2) NOT NULL,
    address_id bigint,
    customer_id bigint NOT NULL
);


ALTER TABLE public.order_order OWNER TO postgres;

--
-- Name: order_order_id_seq; Type: SEQUENCE; Schema: public; Owner: postgres
--

ALTER TABLE public.order_order ALTER COLUMN id ADD GENERATED BY DEFAULT AS IDENTITY (
    SEQUENCE NAME public.order_order_id_seq
    START WITH 1
    INCREMENT BY 1
    NO MINVALUE
    NO MAXVALUE
    CACHE 1
);


--
-- Name: order_orderitem; Type: TABLE; Schema: public; Owner: postgres
--

CREATE TABLE public.order_orderitem (
    id bigint NOT NULL,
    quantity integer NOT NULL,
    unit_price numeric(10,2) NOT NULL,
    order_id bigint NOT NULL,
    product_id bigint NOT NULL,
    CONSTRAINT order_orderitem_quantity_check CHECK ((quantity >= 0))
);


ALTER TABLE public.order_orderitem OWNER TO postgres;

--
-- Name: order_orderitem_id_seq; Type: SEQUENCE; Schema: public; Owner: postgres
--

ALTER TABLE public.order_orderitem ALTER COLUMN id ADD GENERATED BY DEFAULT AS IDENTITY (
    SEQUENCE NAME public.order_orderitem_id_seq
    START WITH 1
    INCREMENT BY 1
    NO MINVALUE
    NO MAXVALUE
    CACHE 1
);


--
-- Name: payment_payment; Type: TABLE; Schema: public; Owner: postgres
--

CREATE TABLE public.payment_payment (
    id bigint NOT NULL,
    payment_refrence_id character varying(128),
    status character varying(100) NOT NULL,
    amount numeric(10,2) NOT NULL,
    currency character varying(10) NOT NULL,
    is_promocode_used boolean NOT NULL,
    promocode_amount character varying NOT NULL,
    payment_method character varying(100) NOT NULL,
    customer_id character varying(28) NOT NULL,
    created_at timestamp with time zone NOT NULL,
    updated_at timestamp with time zone NOT NULL,
    user_id bigint NOT NULL
);


ALTER TABLE public.payment_payment OWNER TO postgres;

--
-- Name: payment_payment_id_seq; Type: SEQUENCE; Schema: public; Owner: postgres
--

ALTER TABLE public.payment_payment ALTER COLUMN id ADD GENERATED BY DEFAULT AS IDENTITY (
    SEQUENCE NAME public.payment_payment_id_seq
    START WITH 1
    INCREMENT BY 1
    NO MINVALUE
    NO MAXVALUE
    CACHE 1
);


--
-- Name: product_category; Type: TABLE; Schema: public; Owner: postgres
--

CREATE TABLE public.product_category (
    id bigint NOT NULL,
    name character varying(128) NOT NULL,
    description text NOT NULL,
    cat_photo character varying(100) NOT NULL,
    create_date timestamp with time zone,
    last_modified timestamp with time zone
);


ALTER TABLE public.product_category OWNER TO postgres;

--
-- Name: product_category_id_seq; Type: SEQUENCE; Schema: public; Owner: postgres
--

ALTER TABLE public.product_category ALTER COLUMN id ADD GENERATED BY DEFAULT AS IDENTITY (
    SEQUENCE NAME public.product_category_id_seq
    START WITH 1
    INCREMENT BY 1
    NO MINVALUE
    NO MAXVALUE
    CACHE 1
);


--
-- Name: product_comment; Type: TABLE; Schema: public; Owner: postgres
--

CREATE TABLE public.product_comment (
    id bigint NOT NULL,
    name character varying(128) NOT NULL,
    email character varying(128) NOT NULL,
    title character varying(128) NOT NULL,
    description text NOT NULL,
    create_date timestamp with time zone,
    last_modified timestamp with time zone,
    user_id_id bigint,
    product_id_id bigint
);


ALTER TABLE public.product_comment OWNER TO postgres;

--
-- Name: product_comment_id_seq; Type: SEQUENCE; Schema: public; Owner: postgres
--

ALTER TABLE public.product_comment ALTER COLUMN id ADD GENERATED BY DEFAULT AS IDENTITY (
    SEQUENCE NAME public.product_comment_id_seq
    START WITH 1
    INCREMENT BY 1
    NO MINVALUE
    NO MAXVALUE
    CACHE 1
);


--
-- Name: product_product; Type: TABLE; Schema: public; Owner: postgres
--

CREATE TABLE public.product_product (
    id bigint NOT NULL,
    name character varying(128) NOT NULL,
    short_text character varying(254) NOT NULL,
    description text NOT NULL,
    unit_price character varying(10) NOT NULL,
    product_photo character varying(100) NOT NULL,
    manufacturer_name character varying(128) NOT NULL,
    manufacturer_brand character varying(128) NOT NULL,
    product_stock character varying(128) NOT NULL,
    cost_price character varying(128) NOT NULL,
    publish_status character varying(15) NOT NULL,
    visibility character varying(15) NOT NULL,
    last_published_date_time timestamp with time zone,
    create_by character varying(128) NOT NULL,
    create_date timestamp with time zone,
    last_modified timestamp with time zone,
    product_sequence character varying(15) NOT NULL,
    category_id_id bigint
);


ALTER TABLE public.product_product OWNER TO postgres;

--
-- Name: product_product_id_seq; Type: SEQUENCE; Schema: public; Owner: postgres
--

ALTER TABLE public.product_product ALTER COLUMN id ADD GENERATED BY DEFAULT AS IDENTITY (
    SEQUENCE NAME public.product_product_id_seq
    START WITH 1
    INCREMENT BY 1
    NO MINVALUE
    NO MAXVALUE
    CACHE 1
);


--
-- Name: product_productimages; Type: TABLE; Schema: public; Owner: postgres
--

CREATE TABLE public.product_productimages (
    id bigint NOT NULL,
    image character varying(100),
    product_id bigint NOT NULL
);


ALTER TABLE public.product_productimages OWNER TO postgres;

--
-- Name: product_productimages_id_seq; Type: SEQUENCE; Schema: public; Owner: postgres
--

ALTER TABLE public.product_productimages ALTER COLUMN id ADD GENERATED BY DEFAULT AS IDENTITY (
    SEQUENCE NAME public.product_productimages_id_seq
    START WITH 1
    INCREMENT BY 1
    NO MINVALUE
    NO MAXVALUE
    CACHE 1
);


--
-- Name: token_blacklist_blacklistedtoken; Type: TABLE; Schema: public; Owner: postgres
--

CREATE TABLE public.token_blacklist_blacklistedtoken (
    id bigint NOT NULL,
    blacklisted_at timestamp with time zone NOT NULL,
    token_id bigint NOT NULL
);


ALTER TABLE public.token_blacklist_blacklistedtoken OWNER TO postgres;

--
-- Name: token_blacklist_blacklistedtoken_id_seq; Type: SEQUENCE; Schema: public; Owner: postgres
--

ALTER TABLE public.token_blacklist_blacklistedtoken ALTER COLUMN id ADD GENERATED BY DEFAULT AS IDENTITY (
    SEQUENCE NAME public.token_blacklist_blacklistedtoken_id_seq
    START WITH 1
    INCREMENT BY 1
    NO MINVALUE
    NO MAXVALUE
    CACHE 1
);


--
-- Name: token_blacklist_outstandingtoken; Type: TABLE; Schema: public; Owner: postgres
--

CREATE TABLE public.token_blacklist_outstandingtoken (
    id bigint NOT NULL,
    token text NOT NULL,
    created_at timestamp with time zone,
    expires_at timestamp with time zone NOT NULL,
    user_id bigint,
    jti character varying(255) NOT NULL
);


ALTER TABLE public.token_blacklist_outstandingtoken OWNER TO postgres;

--
-- Name: token_blacklist_outstandingtoken_id_seq; Type: SEQUENCE; Schema: public; Owner: postgres
--

ALTER TABLE public.token_blacklist_outstandingtoken ALTER COLUMN id ADD GENERATED BY DEFAULT AS IDENTITY (
    SEQUENCE NAME public.token_blacklist_outstandingtoken_id_seq
    START WITH 1
    INCREMENT BY 1
    NO MINVALUE
    NO MAXVALUE
    CACHE 1
);


--
-- Data for Name: account_main; Type: TABLE DATA; Schema: public; Owner: postgres
--

COPY public.account_main (id, name, about, tell, link, email, location, fb, tw, google, pt, picname, picurl, set_name, create_date, last_modified) FROM stdin;
\.


--
-- Data for Name: account_user; Type: TABLE DATA; Schema: public; Owner: postgres
--

COPY public.account_user (id, password, last_login, is_superuser, username, first_name, last_name, email, is_staff, is_active, date_joined, role, mobile, personal_address, city, user_photo, is_delete, user_stripe_id) FROM stdin;
1	pbkdf2_sha256$870000$Bo7Q8VBDojIA5X5Tvwyl5v$o8fSUD0drsBE1sFaKMGH02N9ZZcb8fzyneE7etsguJM=	\N	f	jaymin@mailinator.com	Jaymin	Patel	jaymin@mailinator.com	f	t	2025-02-01 13:51:51.291109+05:30	User	0	-	-	users/avatar-3.jpg	f	cus_Rh5NcM09AXGuPk
2	pbkdf2_sha256$870000$9mgxoOw7BjuKGXbwNJJhwi$mUhV1xkDOEwGoQEgakfbFF/CVzi7jcDPxNkXEJhCdps=	2025-02-01 19:31:08.662972+05:30	t	admin			admin@gmail.com	t	t	2025-02-01 19:30:27.465982+05:30	Admin	0	-	-	users/avatar-3.jpg	f	\N
\.


--
-- Data for Name: account_user_groups; Type: TABLE DATA; Schema: public; Owner: postgres
--

COPY public.account_user_groups (id, user_id, group_id) FROM stdin;
\.


--
-- Data for Name: account_user_user_permissions; Type: TABLE DATA; Schema: public; Owner: postgres
--

COPY public.account_user_user_permissions (id, user_id, permission_id) FROM stdin;
\.


--
-- Data for Name: auth_group; Type: TABLE DATA; Schema: public; Owner: postgres
--

COPY public.auth_group (id, name) FROM stdin;
\.


--
-- Data for Name: auth_group_permissions; Type: TABLE DATA; Schema: public; Owner: postgres
--

COPY public.auth_group_permissions (id, group_id, permission_id) FROM stdin;
\.


--
-- Data for Name: auth_permission; Type: TABLE DATA; Schema: public; Owner: postgres
--

COPY public.auth_permission (id, name, content_type_id, codename) FROM stdin;
1	Can add log entry	2	add_logentry
2	Can change log entry	2	change_logentry
3	Can delete log entry	2	delete_logentry
4	Can view log entry	2	view_logentry
5	Can add permission	3	add_permission
6	Can change permission	3	change_permission
7	Can delete permission	3	delete_permission
8	Can view permission	3	view_permission
9	Can add group	4	add_group
10	Can change group	4	change_group
11	Can delete group	4	delete_group
12	Can view group	4	view_group
13	Can add content type	5	add_contenttype
14	Can change content type	5	change_contenttype
15	Can delete content type	5	delete_contenttype
16	Can view content type	5	view_contenttype
17	Can add session	6	add_session
18	Can change session	6	change_session
19	Can delete session	6	delete_session
20	Can view session	6	view_session
21	Can add blacklisted token	7	add_blacklistedtoken
22	Can change blacklisted token	7	change_blacklistedtoken
23	Can delete blacklisted token	7	delete_blacklistedtoken
24	Can view blacklisted token	7	view_blacklistedtoken
25	Can add outstanding token	8	add_outstandingtoken
26	Can change outstanding token	8	change_outstandingtoken
27	Can delete outstanding token	8	delete_outstandingtoken
28	Can view outstanding token	8	view_outstandingtoken
29	Can add main	9	add_main
30	Can change main	9	change_main
31	Can delete main	9	delete_main
32	Can view main	9	view_main
33	Can add user	10	add_user
34	Can change user	10	change_user
35	Can delete user	10	delete_user
36	Can view user	10	view_user
37	Can add category	11	add_category
38	Can change category	11	change_category
39	Can delete category	11	delete_category
40	Can view category	11	view_category
41	Can add product	12	add_product
42	Can change product	12	change_product
43	Can delete product	12	delete_product
44	Can view product	12	view_product
45	Can add comment	13	add_comment
46	Can change comment	13	change_comment
47	Can delete comment	13	delete_comment
48	Can view comment	13	view_comment
49	Can add product images	14	add_productimages
50	Can change product images	14	change_productimages
51	Can delete product images	14	delete_productimages
52	Can view product images	14	view_productimages
53	Can add order	15	add_order
54	Can change order	15	change_order
55	Can delete order	15	delete_order
56	Can view order	15	view_order
57	Can add order item	16	add_orderitem
58	Can change order item	16	change_orderitem
59	Can delete order item	16	delete_orderitem
60	Can view order item	16	view_orderitem
61	Can add cart item	17	add_cartitem
62	Can change cart item	17	change_cartitem
63	Can delete cart item	17	delete_cartitem
64	Can view cart item	17	view_cartitem
65	Can add address	18	add_address
66	Can change address	18	change_address
67	Can delete address	18	delete_address
68	Can view address	18	view_address
69	Can add payment	19	add_payment
70	Can change payment	19	change_payment
71	Can delete payment	19	delete_payment
72	Can view payment	19	view_payment
\.


--
-- Data for Name: checkout_address; Type: TABLE DATA; Schema: public; Owner: postgres
--

COPY public.checkout_address (id, street, city, state, country, postal_code, phone_number, email, is_delete, created_at, updated_at, user_id_id, name) FROM stdin;
1	Ekata Park, Near GST Crossing,	Ahmedabad	Gujarat	India	43334434	09898989898	jaymin@gmail.com	f	2025-02-01 19:26:47.728492+05:30	2025-02-01 19:26:47.728521+05:30	1	Jaymin
\.


--
-- Data for Name: checkout_cartitem; Type: TABLE DATA; Schema: public; Owner: postgres
--

COPY public.checkout_cartitem (id, quantity, product_id, user_id, created_at, updated_at) FROM stdin;
7	1	1	1	2025-02-01 21:41:17.221161+05:30	2025-02-01 21:41:17.22118+05:30
8	1	2	1	2025-02-01 21:43:32.780023+05:30	2025-02-01 21:43:32.780065+05:30
\.


--
-- Data for Name: django_admin_log; Type: TABLE DATA; Schema: public; Owner: postgres
--

COPY public.django_admin_log (id, action_time, object_id, object_repr, action_flag, change_message, content_type_id, user_id) FROM stdin;
1	2025-02-01 19:33:21.837709+05:30	9	Chair	2	[{"changed": {"fields": ["Product photo"]}}, {"changed": {"name": "product images", "object": "ProductImages object (12)", "fields": ["Image"]}}]	12	2
2	2025-02-01 19:33:47.054685+05:30	8	Camera	2	[{"changed": {"fields": ["Product photo"]}}, {"changed": {"name": "product images", "object": "ProductImages object (11)", "fields": ["Image"]}}]	12	2
3	2025-02-01 19:39:12.507662+05:30	7	Shoes 2	2	[{"changed": {"fields": ["Product photo"]}}, {"changed": {"name": "product images", "object": "ProductImages object (10)", "fields": ["Image"]}}]	12	2
4	2025-02-01 19:39:39.0265+05:30	6	Shoes	2	[{"changed": {"fields": ["Product photo"]}}, {"changed": {"name": "product images", "object": "ProductImages object (9)", "fields": ["Image"]}}]	12	2
5	2025-02-01 19:40:14.777483+05:30	11	watch 2	2	[{"changed": {"fields": ["Product photo"]}}, {"changed": {"name": "product images", "object": "ProductImages object (14)", "fields": ["Image"]}}]	12	2
6	2025-02-01 19:40:47.408856+05:30	12	Purse	2	[{"changed": {"fields": ["Product photo"]}}, {"changed": {"name": "product images", "object": "ProductImages object (15)", "fields": ["Image"]}}]	12	2
7	2025-02-01 19:41:31.948951+05:30	13	Book	2	[{"changed": {"fields": ["Product photo"]}}, {"changed": {"name": "product images", "object": "ProductImages object (16)", "fields": ["Image"]}}]	12	2
8	2025-02-01 19:41:43.842259+05:30	14	Hair Dryer	2	[{"changed": {"fields": ["Product photo"]}}, {"changed": {"name": "product images", "object": "ProductImages object (17)", "fields": ["Image"]}}]	12	2
9	2025-02-01 19:42:04.95615+05:30	15	Comb	2	[{"changed": {"fields": ["Product photo"]}}, {"changed": {"name": "product images", "object": "ProductImages object (18)", "fields": ["Image"]}}]	12	2
\.


--
-- Data for Name: django_content_type; Type: TABLE DATA; Schema: public; Owner: postgres
--

COPY public.django_content_type (id, app_label, model) FROM stdin;
2	admin	logentry
3	auth	permission
4	auth	group
5	contenttypes	contenttype
6	sessions	session
7	token_blacklist	blacklistedtoken
8	token_blacklist	outstandingtoken
9	account	main
10	account	user
11	product	category
12	product	product
13	product	comment
14	product	productimages
15	order	order
16	order	orderitem
17	checkout	cartitem
18	checkout	address
19	payment	payment
\.


--
-- Data for Name: django_migrations; Type: TABLE DATA; Schema: public; Owner: postgres
--

COPY public.django_migrations (id, app, name, applied) FROM stdin;
1	contenttypes	0001_initial	2025-02-01 13:21:52.052254+05:30
2	contenttypes	0002_remove_content_type_name	2025-02-01 13:50:21.333565+05:30
3	auth	0001_initial	2025-02-01 13:50:21.381198+05:30
4	auth	0002_alter_permission_name_max_length	2025-02-01 13:50:21.386924+05:30
5	auth	0003_alter_user_email_max_length	2025-02-01 13:50:21.392824+05:30
6	auth	0004_alter_user_username_opts	2025-02-01 13:50:21.399056+05:30
7	auth	0005_alter_user_last_login_null	2025-02-01 13:50:21.405153+05:30
8	auth	0006_require_contenttypes_0002	2025-02-01 13:50:21.40739+05:30
9	auth	0007_alter_validators_add_error_messages	2025-02-01 13:50:21.41736+05:30
10	auth	0008_alter_user_username_max_length	2025-02-01 13:50:21.423303+05:30
11	auth	0009_alter_user_last_name_max_length	2025-02-01 13:50:21.431647+05:30
12	auth	0010_alter_group_name_max_length	2025-02-01 13:50:21.437532+05:30
13	auth	0011_update_proxy_permissions	2025-02-01 13:50:21.44524+05:30
14	auth	0012_alter_user_first_name_max_length	2025-02-01 13:50:21.451445+05:30
15	account	0001_initial	2025-02-01 13:50:21.508381+05:30
16	account	0002_rename_address_user_personal_address_user_is_delete	2025-02-01 13:50:21.523832+05:30
17	account	0003_address	2025-02-01 13:50:21.545143+05:30
18	account	0004_address_email_address_phone_number	2025-02-01 13:50:21.563055+05:30
19	account	0005_delete_address	2025-02-01 13:50:21.566601+05:30
20	account	0006_user_user_stripe_id	2025-02-01 13:50:21.58001+05:30
21	admin	0001_initial	2025-02-01 13:50:21.60435+05:30
22	admin	0002_logentry_remove_auto_add	2025-02-01 13:50:21.614992+05:30
23	admin	0003_logentry_add_action_flag_choices	2025-02-01 13:50:21.623249+05:30
24	product	0001_initial	2025-02-01 13:50:21.693559+05:30
25	product	0002_alter_productimages_product	2025-02-01 13:50:21.727831+05:30
26	product	0003_remove_product_act_remove_product_date_and_more	2025-02-01 13:50:21.749661+05:30
27	product	0004_alter_product_short_text	2025-02-01 13:50:21.759406+05:30
28	product	0005_remove_product_product_photo_1	2025-02-01 13:50:21.767144+05:30
29	product	0006_rename_product_price_product_cost_price_and_more	2025-02-01 13:50:21.779364+05:30
30	checkout	0001_initial	2025-02-01 13:50:21.828667+05:30
31	checkout	0002_cartitem_cart_product_amount	2025-02-01 13:50:21.841614+05:30
32	checkout	0003_remove_cartitem_cart_cartitem_user_delete_cart	2025-02-01 13:50:21.88394+05:30
33	checkout	0004_alter_cartitem_user	2025-02-01 13:50:21.901537+05:30
34	checkout	0005_remove_cartitem_cart_product_amount_and_more	2025-02-01 13:50:21.942571+05:30
35	checkout	0006_cartitem_created_at_cartitem_updated_at	2025-02-01 13:50:21.969829+05:30
36	checkout	0007_remove_cartitem_created_at_and_more	2025-02-01 13:50:21.99839+05:30
37	checkout	0008_alter_cartitem_unique_together	2025-02-01 13:50:22.017718+05:30
38	checkout	0009_cartitem_created_at_cartitem_updated_at	2025-02-01 13:50:22.048675+05:30
39	checkout	0010_alter_cartitem_created_at_alter_cartitem_updated_at	2025-02-01 13:50:22.076707+05:30
40	checkout	0011_address	2025-02-01 13:50:22.105464+05:30
41	checkout	0012_delete_address	2025-02-01 13:50:22.109056+05:30
42	checkout	0013_address	2025-02-01 13:50:22.137218+05:30
43	checkout	0014_address_name	2025-02-01 13:50:22.151185+05:30
44	order	0001_initial	2025-02-01 13:50:22.207446+05:30
45	payment	0001_initial	2025-02-01 13:50:22.235672+05:30
46	sessions	0001_initial	2025-02-01 13:50:22.255583+05:30
47	token_blacklist	0001_initial	2025-02-01 13:50:22.316623+05:30
48	token_blacklist	0002_outstandingtoken_jti_hex	2025-02-01 13:50:22.349285+05:30
49	token_blacklist	0003_auto_20171017_2007	2025-02-01 13:50:22.375882+05:30
50	token_blacklist	0004_auto_20171017_2013	2025-02-01 13:50:22.403524+05:30
51	token_blacklist	0005_remove_outstandingtoken_jti	2025-02-01 13:50:22.428648+05:30
52	token_blacklist	0006_auto_20171017_2113	2025-02-01 13:50:22.444767+05:30
53	token_blacklist	0007_auto_20171017_2214	2025-02-01 13:50:22.485011+05:30
54	token_blacklist	0008_migrate_to_bigautofield	2025-02-01 13:50:22.54498+05:30
55	token_blacklist	0010_fix_migrate_to_bigautofield	2025-02-01 13:50:22.570942+05:30
56	token_blacklist	0011_linearizes_history	2025-02-01 13:50:22.573355+05:30
57	token_blacklist	0012_alter_outstandingtoken_user	2025-02-01 13:50:22.596902+05:30
\.


--
-- Data for Name: django_session; Type: TABLE DATA; Schema: public; Owner: postgres
--

COPY public.django_session (session_key, session_data, expire_date) FROM stdin;
fc8f43l8kyhhc8k83wp57ioufs6akpf4	.eJxVjEsOAiEQBe_C2hD-EZfuPQPpphsZNZAMMyvj3Q3JLHT7quq9RYJ9q2kfvKaFxEUYcfrdEPKT2wT0gHbvMve2rQvKqciDDnnrxK_r4f4dVBh11sC5uIyWPfvCxkZWgbTliGS9t6jBEzE6MkFRcVZHDGeVkQs4ZUB8viI2OTw:1teE3Y:7xfDRRVQCSMQx4DFh_HkcH_QEjGkTIICVHzUh__4CNs	2025-02-15 19:31:08.665461+05:30
\.


--
-- Data for Name: order_order; Type: TABLE DATA; Schema: public; Owner: postgres
--

COPY public.order_order (id, created_at, updated_at, status, tracking_number, payment_method, payment_confirmed, amount_pay, address_id, customer_id) FROM stdin;
1	2025-02-01 19:27:42.955588+05:30	2025-02-01 19:27:42.955618+05:30	confirm	\N	Cash	t	1499.00	1	1
2	2025-02-01 20:58:22.720311+05:30	2025-02-01 20:58:22.720339+05:30	confirm	\N	Cash	t	1499.00	1	1
3	2025-02-01 21:15:26.130304+05:30	2025-02-01 21:15:26.130346+05:30	confirm	\N	Cash	t	1499.00	1	1
4	2025-02-01 21:29:38.36622+05:30	2025-02-01 21:29:38.366285+05:30	confirm	\N	Cash	t	1499.00	1	1
5	2025-02-01 21:35:40.162522+05:30	2025-02-01 21:35:40.162545+05:30	confirm	\N	Cash	t	1999.00	1	1
6	2025-02-01 21:37:57.719661+05:30	2025-02-01 21:37:57.719693+05:30	confirm	\N	Cash	t	2999.00	1	1
\.


--
-- Data for Name: order_orderitem; Type: TABLE DATA; Schema: public; Owner: postgres
--

COPY public.order_orderitem (id, quantity, unit_price, order_id, product_id) FROM stdin;
1	1	500.00	1	1
2	1	750.00	1	2
3	1	500.00	2	1
4	1	750.00	2	2
5	1	500.00	3	1
6	1	750.00	3	2
7	1	500.00	4	1
8	1	750.00	4	2
9	1	750.00	5	2
10	1	1000.00	5	3
11	1	750.00	6	2
12	1	2000.00	6	4
\.


--
-- Data for Name: payment_payment; Type: TABLE DATA; Schema: public; Owner: postgres
--

COPY public.payment_payment (id, payment_refrence_id, status, amount, currency, is_promocode_used, promocode_amount, payment_method, customer_id, created_at, updated_at, user_id) FROM stdin;
\.


--
-- Data for Name: product_category; Type: TABLE DATA; Schema: public; Owner: postgres
--

COPY public.product_category (id, name, description, cat_photo, create_date, last_modified) FROM stdin;
2	Men	Men variaties		2024-06-01 15:05:20.642415+05:30	2024-06-01 15:05:20.642462+05:30
3	Other	Other products		2024-06-07 23:17:46.397709+05:30	2024-06-07 23:17:46.397723+05:30
4	Accessories	Other Accessories		2024-07-12 21:32:42.811644+05:30	2024-07-12 21:32:42.811672+05:30
5	Footware	Footware		2025-01-12 11:09:36.663218+05:30	2025-01-12 11:09:36.663243+05:30
6	Electronics	Electronics		2025-01-12 11:18:13.371486+05:30	2025-01-12 11:18:13.371531+05:30
7	Furniture	Furniture		2025-01-12 11:19:48.029968+05:30	2025-01-12 11:19:48.030014+05:30
8	Women	Women		2025-01-12 11:24:03.135601+05:30	2025-01-12 11:24:03.135625+05:30
9	Book	Book		2025-01-12 11:26:23.81958+05:30	2025-01-12 11:26:23.819626+05:30
\.


--
-- Data for Name: product_comment; Type: TABLE DATA; Schema: public; Owner: postgres
--

COPY public.product_comment (id, name, email, title, description, create_date, last_modified, user_id_id, product_id_id) FROM stdin;
\.


--
-- Data for Name: product_product; Type: TABLE DATA; Schema: public; Owner: postgres
--

COPY public.product_product (id, name, short_text, description, unit_price, product_photo, manufacturer_name, manufacturer_brand, product_stock, cost_price, publish_status, visibility, last_published_date_time, create_by, create_date, last_modified, product_sequence, category_id_id) FROM stdin;
1	T- shirt	Beautiful T-shirt	Beautiful T-shirt for Men	500	products/img-11.png	Zara	Zara	100	250	Draft	Public	\N	-	2024-06-01 15:26:34.399481+05:30	2024-07-12 21:31:31.731056+05:30	PRO24060141066	2
3	Shirt	Beautiful shirt	-	1000	products/img-31_ljb3Tbd.png	Zara	Zara	100	750	Published	Public	\N	Jaymin Patel	2024-07-12 21:34:24.727511+05:30	2024-07-12 21:34:24.727531+05:30	PRO24071240060	2
2	Beg	Awesome Beg	Awesome Beg	750	products/img-1_lWu9ZvW.png	HP	HP	75	500	Published	Public	\N	-	2024-06-07 23:18:37.921659+05:30	2024-07-12 21:34:39.049655+05:30	PRO24060769900	3
4	Watch	Beautiful Watch	-	2000	products/img-3_DrImI31.png	Titan	Titan	100	1500	Published	Public	\N	Jaymin Patel	2024-07-12 21:38:24.681218+05:30	2024-07-12 21:38:24.681232+05:30	PRO24071277991	4
5	Hoodies	Awesome Hoodies	-	1250	products/img-19.png	Zara	Zara	200	850	Published	Public	\N	-	2024-07-12 21:40:19.317719+05:30	2024-07-12 21:40:19.317736+05:30	PRO24071216854	2
10	Chair 2	Chair 2	Chair 2	150	products/img-12.png	Furniture	Furniture	150	95	Published	Public	\N	Jaymin Patel	2025-01-12 11:21:15.246949+05:30	2025-01-12 11:21:15.246968+05:30	PRO2501124830	7
9	Chair	Chair	Chair	100	products/img-14_uUj09KE.png	Furniture	Furniture	200	85	Published	Public	\N	Jaymin Patel	2025-01-12 11:20:25.969795+05:30	2025-02-01 19:33:21.834654+05:30	PRO25011248829	7
8	Camera	Camera	Camera	1000	products/img-20.png	Canon	Canon	20	750	Published	Public	\N	Jaymin Patel	2025-01-12 11:18:53.657921+05:30	2025-02-01 19:33:47.046802+05:30	PRO25011248828	6
7	Shoes 2	Shoes	Shoes	1	products/img-4_n31Wdjg.png	Nice	Nice	20	750	Published	Public	\N	Jaymin Patel	2025-01-12 11:16:35.062066+05:30	2025-02-01 19:39:12.503746+05:30	PRO25011248827	5
6	Shoes	Shoes	Shoes	1	products/img-5_8GWo2Sm.png	Nice	Nice	20	750	Published	Public	\N	Jaymin Patel	2025-01-12 11:10:46.963903+05:30	2025-02-01 19:39:39.018836+05:30	PRO25011248826	5
11	watch 2	watch 2	watch 2	200	products/img-16.png	Boat	Boat	150	95	Published	Public	\N	Jaymin Patel	2025-01-12 11:22:48.360223+05:30	2025-02-01 19:40:14.774254+05:30	PRO2501124830	4
12	Purse	Purse	Purse	75	products/img-15.png	Gucci	Gucci	150	50	Published	Public	\N	Jaymin Patel	2025-01-12 11:24:41.998896+05:30	2025-02-01 19:40:47.402972+05:30	PRO2501124831	8
13	Book	Book	Book	35	products/img-7_s8gVtcK.png	-	-	12	15	Published	Public	\N	Jaymin Patel	2025-01-12 11:26:58.698198+05:30	2025-02-01 19:41:31.945433+05:30	PRO2501124832	9
14	Hair Dryer	Hair Dryer	Hair Dryer	150	products/img-17.png	-	-	10	15	Published	Public	\N	Jaymin Patel	2025-01-12 11:27:50.208304+05:30	2025-02-01 19:41:43.835552+05:30	PRO2501124833	4
15	Comb	Comb	Comb	20	products/img-18.png	-	-	10	5	Published	Public	\N	Jaymin Patel	2025-01-12 11:29:28.292841+05:30	2025-02-01 19:42:04.950312+05:30	PRO2501124834	4
\.


--
-- Data for Name: product_productimages; Type: TABLE DATA; Schema: public; Owner: postgres
--

COPY public.product_productimages (id, image, product_id) FROM stdin;
1	products/img-1_F9rYecp.png	2
2	products/img-11_IcTvGTw.png	1
3	products/img-10.png	1
4	products/img-32_W5J4LyH.png	3
5	products/img-33_cADcMIK.png	3
6	products/img-34.png	3
7	products/img-3_LVSg9Wd.png	4
8	products/img-19_FzDbZMg.png	5
13	products/img-12_E0JwnfT.png	10
12	products/img-14_TP7rKlO.png	9
11	products/img-20_3KfVuEN.png	8
10	products/img-4_IrPjcUJ.png	7
9	products/img-5_9Vjbc11.png	6
14	products/img-16_7gRr5Ev.png	11
15	products/img-15_PSG4EaV.png	12
16	products/img-7_b7TfiVC.png	13
17	products/img-17_8lU0QP6.png	14
18	products/img-18_zpTHY6I.png	15
\.


--
-- Data for Name: token_blacklist_blacklistedtoken; Type: TABLE DATA; Schema: public; Owner: postgres
--

COPY public.token_blacklist_blacklistedtoken (id, blacklisted_at, token_id) FROM stdin;
\.


--
-- Data for Name: token_blacklist_outstandingtoken; Type: TABLE DATA; Schema: public; Owner: postgres
--

COPY public.token_blacklist_outstandingtoken (id, token, created_at, expires_at, user_id, jti) FROM stdin;
1	eyJhbGciOiJIUzI1NiIsInR5cCI6IkpXVCJ9.eyJ0b2tlbl90eXBlIjoicmVmcmVzaCIsImV4cCI6MTczODQ4NDUxNSwiaWF0IjoxNzM4Mzk4MTE1LCJqdGkiOiI0ZjIxOTFjOTk3YzY0N2I2OTBlYjk0ZjU3NzM5ODAxOSIsInVzZXJfaWQiOjF9.F2umCMdbuX6jCXr4U4bAy8Vw2RM32l817jK-iCdMvw8	2025-02-01 13:51:55.445443+05:30	2025-02-02 13:51:55+05:30	1	4f2191c997c647b690eb94f577398019
2	eyJhbGciOiJIUzI1NiIsInR5cCI6IkpXVCJ9.eyJ0b2tlbl90eXBlIjoicmVmcmVzaCIsImV4cCI6MTczODQ4NDUxNSwiaWF0IjoxNzM4Mzk4MTE1LCJqdGkiOiI2MTY5ZWM0MjUyMTc0ZGEwOTViNGQwNzY4MTBmYjZkZCIsInVzZXJfaWQiOjF9.Zn9ZhK1NUtLefm1UJ2TRO2hqy4Py61WOYvtKVyIZtik	2025-02-01 13:51:55.448628+05:30	2025-02-02 13:51:55+05:30	1	6169ec4252174da095b4d076810fb6dd
3	eyJhbGciOiJIUzI1NiIsInR5cCI6IkpXVCJ9.eyJ0b2tlbl90eXBlIjoicmVmcmVzaCIsImV4cCI6MTczODUwNDU4NywiaWF0IjoxNzM4NDE4MTg3LCJqdGkiOiI0NDRmY2MxZGNkZDc0ZTdkYTMxYjhhOGYwNmExZGI0NiIsInVzZXJfaWQiOjF9.g55z5PRU8M2nBL2rc5ueulvg8x-f29Kbusxz3VZYs2o	2025-02-01 19:26:27.205704+05:30	2025-02-02 19:26:27+05:30	1	444fcc1dcdd74e7da31b8a8f06a1db46
4	eyJhbGciOiJIUzI1NiIsInR5cCI6IkpXVCJ9.eyJ0b2tlbl90eXBlIjoicmVmcmVzaCIsImV4cCI6MTczODUwNDU4NywiaWF0IjoxNzM4NDE4MTg3LCJqdGkiOiIwODllMzI3NGRkNTU0Y2FhODAwOGU2MmMzOGY1ZjYwOCIsInVzZXJfaWQiOjF9.8SqTaNYfElNaxrVEdsfnbSQC7Qko_JF7u6dpIpqE160	2025-02-01 19:26:27.208496+05:30	2025-02-02 19:26:27+05:30	1	089e3274dd554caa8008e62c38f5f608
\.


--
-- Name: account_main_id_seq; Type: SEQUENCE SET; Schema: public; Owner: postgres
--

SELECT pg_catalog.setval('public.account_main_id_seq', 1, false);


--
-- Name: account_user_groups_id_seq; Type: SEQUENCE SET; Schema: public; Owner: postgres
--

SELECT pg_catalog.setval('public.account_user_groups_id_seq', 1, false);


--
-- Name: account_user_id_seq; Type: SEQUENCE SET; Schema: public; Owner: postgres
--

SELECT pg_catalog.setval('public.account_user_id_seq', 2, true);


--
-- Name: account_user_user_permissions_id_seq; Type: SEQUENCE SET; Schema: public; Owner: postgres
--

SELECT pg_catalog.setval('public.account_user_user_permissions_id_seq', 1, false);


--
-- Name: auth_group_id_seq; Type: SEQUENCE SET; Schema: public; Owner: postgres
--

SELECT pg_catalog.setval('public.auth_group_id_seq', 1, false);


--
-- Name: auth_group_permissions_id_seq; Type: SEQUENCE SET; Schema: public; Owner: postgres
--

SELECT pg_catalog.setval('public.auth_group_permissions_id_seq', 1, false);


--
-- Name: auth_permission_id_seq; Type: SEQUENCE SET; Schema: public; Owner: postgres
--

SELECT pg_catalog.setval('public.auth_permission_id_seq', 72, true);


--
-- Name: checkout_address_id_seq; Type: SEQUENCE SET; Schema: public; Owner: postgres
--

SELECT pg_catalog.setval('public.checkout_address_id_seq', 1, true);


--
-- Name: checkout_cartitem_id_seq; Type: SEQUENCE SET; Schema: public; Owner: postgres
--

SELECT pg_catalog.setval('public.checkout_cartitem_id_seq', 8, true);


--
-- Name: django_admin_log_id_seq; Type: SEQUENCE SET; Schema: public; Owner: postgres
--

SELECT pg_catalog.setval('public.django_admin_log_id_seq', 9, true);


--
-- Name: django_content_type_id_seq; Type: SEQUENCE SET; Schema: public; Owner: postgres
--

SELECT pg_catalog.setval('public.django_content_type_id_seq', 19, true);


--
-- Name: django_migrations_id_seq; Type: SEQUENCE SET; Schema: public; Owner: postgres
--

SELECT pg_catalog.setval('public.django_migrations_id_seq', 57, true);


--
-- Name: order_order_id_seq; Type: SEQUENCE SET; Schema: public; Owner: postgres
--

SELECT pg_catalog.setval('public.order_order_id_seq', 6, true);


--
-- Name: order_orderitem_id_seq; Type: SEQUENCE SET; Schema: public; Owner: postgres
--

SELECT pg_catalog.setval('public.order_orderitem_id_seq', 12, true);


--
-- Name: payment_payment_id_seq; Type: SEQUENCE SET; Schema: public; Owner: postgres
--

SELECT pg_catalog.setval('public.payment_payment_id_seq', 1, false);


--
-- Name: product_category_id_seq; Type: SEQUENCE SET; Schema: public; Owner: postgres
--

SELECT pg_catalog.setval('public.product_category_id_seq', 1, false);


--
-- Name: product_comment_id_seq; Type: SEQUENCE SET; Schema: public; Owner: postgres
--

SELECT pg_catalog.setval('public.product_comment_id_seq', 1, false);


--
-- Name: product_product_id_seq; Type: SEQUENCE SET; Schema: public; Owner: postgres
--

SELECT pg_catalog.setval('public.product_product_id_seq', 1, false);


--
-- Name: product_productimages_id_seq; Type: SEQUENCE SET; Schema: public; Owner: postgres
--

SELECT pg_catalog.setval('public.product_productimages_id_seq', 1, false);


--
-- Name: token_blacklist_blacklistedtoken_id_seq; Type: SEQUENCE SET; Schema: public; Owner: postgres
--

SELECT pg_catalog.setval('public.token_blacklist_blacklistedtoken_id_seq', 1, false);


--
-- Name: token_blacklist_outstandingtoken_id_seq; Type: SEQUENCE SET; Schema: public; Owner: postgres
--

SELECT pg_catalog.setval('public.token_blacklist_outstandingtoken_id_seq', 4, true);


--
-- Name: account_main account_main_pkey; Type: CONSTRAINT; Schema: public; Owner: postgres
--

ALTER TABLE ONLY public.account_main
    ADD CONSTRAINT account_main_pkey PRIMARY KEY (id);


--
-- Name: account_user_groups account_user_groups_pkey; Type: CONSTRAINT; Schema: public; Owner: postgres
--

ALTER TABLE ONLY public.account_user_groups
    ADD CONSTRAINT account_user_groups_pkey PRIMARY KEY (id);


--
-- Name: account_user_groups account_user_groups_user_id_group_id_4d09af3e_uniq; Type: CONSTRAINT; Schema: public; Owner: postgres
--

ALTER TABLE ONLY public.account_user_groups
    ADD CONSTRAINT account_user_groups_user_id_group_id_4d09af3e_uniq UNIQUE (user_id, group_id);


--
-- Name: account_user account_user_pkey; Type: CONSTRAINT; Schema: public; Owner: postgres
--

ALTER TABLE ONLY public.account_user
    ADD CONSTRAINT account_user_pkey PRIMARY KEY (id);


--
-- Name: account_user_user_permissions account_user_user_permis_user_id_permission_id_48bdd28b_uniq; Type: CONSTRAINT; Schema: public; Owner: postgres
--

ALTER TABLE ONLY public.account_user_user_permissions
    ADD CONSTRAINT account_user_user_permis_user_id_permission_id_48bdd28b_uniq UNIQUE (user_id, permission_id);


--
-- Name: account_user_user_permissions account_user_user_permissions_pkey; Type: CONSTRAINT; Schema: public; Owner: postgres
--

ALTER TABLE ONLY public.account_user_user_permissions
    ADD CONSTRAINT account_user_user_permissions_pkey PRIMARY KEY (id);


--
-- Name: account_user account_user_username_key; Type: CONSTRAINT; Schema: public; Owner: postgres
--

ALTER TABLE ONLY public.account_user
    ADD CONSTRAINT account_user_username_key UNIQUE (username);


--
-- Name: auth_group auth_group_name_key; Type: CONSTRAINT; Schema: public; Owner: postgres
--

ALTER TABLE ONLY public.auth_group
    ADD CONSTRAINT auth_group_name_key UNIQUE (name);


--
-- Name: auth_group_permissions auth_group_permissions_group_id_permission_id_0cd325b0_uniq; Type: CONSTRAINT; Schema: public; Owner: postgres
--

ALTER TABLE ONLY public.auth_group_permissions
    ADD CONSTRAINT auth_group_permissions_group_id_permission_id_0cd325b0_uniq UNIQUE (group_id, permission_id);


--
-- Name: auth_group_permissions auth_group_permissions_pkey; Type: CONSTRAINT; Schema: public; Owner: postgres
--

ALTER TABLE ONLY public.auth_group_permissions
    ADD CONSTRAINT auth_group_permissions_pkey PRIMARY KEY (id);


--
-- Name: auth_group auth_group_pkey; Type: CONSTRAINT; Schema: public; Owner: postgres
--

ALTER TABLE ONLY public.auth_group
    ADD CONSTRAINT auth_group_pkey PRIMARY KEY (id);


--
-- Name: auth_permission auth_permission_content_type_id_codename_01ab375a_uniq; Type: CONSTRAINT; Schema: public; Owner: postgres
--

ALTER TABLE ONLY public.auth_permission
    ADD CONSTRAINT auth_permission_content_type_id_codename_01ab375a_uniq UNIQUE (content_type_id, codename);


--
-- Name: auth_permission auth_permission_pkey; Type: CONSTRAINT; Schema: public; Owner: postgres
--

ALTER TABLE ONLY public.auth_permission
    ADD CONSTRAINT auth_permission_pkey PRIMARY KEY (id);


--
-- Name: checkout_address checkout_address_pkey; Type: CONSTRAINT; Schema: public; Owner: postgres
--

ALTER TABLE ONLY public.checkout_address
    ADD CONSTRAINT checkout_address_pkey PRIMARY KEY (id);


--
-- Name: checkout_cartitem checkout_cartitem_pkey; Type: CONSTRAINT; Schema: public; Owner: postgres
--

ALTER TABLE ONLY public.checkout_cartitem
    ADD CONSTRAINT checkout_cartitem_pkey PRIMARY KEY (id);


--
-- Name: checkout_cartitem checkout_cartitem_product_id_user_id_b2b5c6e3_uniq; Type: CONSTRAINT; Schema: public; Owner: postgres
--

ALTER TABLE ONLY public.checkout_cartitem
    ADD CONSTRAINT checkout_cartitem_product_id_user_id_b2b5c6e3_uniq UNIQUE (product_id, user_id);


--
-- Name: django_admin_log django_admin_log_pkey; Type: CONSTRAINT; Schema: public; Owner: postgres
--

ALTER TABLE ONLY public.django_admin_log
    ADD CONSTRAINT django_admin_log_pkey PRIMARY KEY (id);


--
-- Name: django_content_type django_content_type_app_label_model_76bd3d3b_uniq; Type: CONSTRAINT; Schema: public; Owner: postgres
--

ALTER TABLE ONLY public.django_content_type
    ADD CONSTRAINT django_content_type_app_label_model_76bd3d3b_uniq UNIQUE (app_label, model);


--
-- Name: django_content_type django_content_type_pkey; Type: CONSTRAINT; Schema: public; Owner: postgres
--

ALTER TABLE ONLY public.django_content_type
    ADD CONSTRAINT django_content_type_pkey PRIMARY KEY (id);


--
-- Name: django_migrations django_migrations_pkey; Type: CONSTRAINT; Schema: public; Owner: postgres
--

ALTER TABLE ONLY public.django_migrations
    ADD CONSTRAINT django_migrations_pkey PRIMARY KEY (id);


--
-- Name: django_session django_session_pkey; Type: CONSTRAINT; Schema: public; Owner: postgres
--

ALTER TABLE ONLY public.django_session
    ADD CONSTRAINT django_session_pkey PRIMARY KEY (session_key);


--
-- Name: order_order order_order_pkey; Type: CONSTRAINT; Schema: public; Owner: postgres
--

ALTER TABLE ONLY public.order_order
    ADD CONSTRAINT order_order_pkey PRIMARY KEY (id);


--
-- Name: order_orderitem order_orderitem_pkey; Type: CONSTRAINT; Schema: public; Owner: postgres
--

ALTER TABLE ONLY public.order_orderitem
    ADD CONSTRAINT order_orderitem_pkey PRIMARY KEY (id);


--
-- Name: payment_payment payment_payment_pkey; Type: CONSTRAINT; Schema: public; Owner: postgres
--

ALTER TABLE ONLY public.payment_payment
    ADD CONSTRAINT payment_payment_pkey PRIMARY KEY (id);


--
-- Name: product_category product_category_pkey; Type: CONSTRAINT; Schema: public; Owner: postgres
--

ALTER TABLE ONLY public.product_category
    ADD CONSTRAINT product_category_pkey PRIMARY KEY (id);


--
-- Name: product_comment product_comment_pkey; Type: CONSTRAINT; Schema: public; Owner: postgres
--

ALTER TABLE ONLY public.product_comment
    ADD CONSTRAINT product_comment_pkey PRIMARY KEY (id);


--
-- Name: product_product product_product_pkey; Type: CONSTRAINT; Schema: public; Owner: postgres
--

ALTER TABLE ONLY public.product_product
    ADD CONSTRAINT product_product_pkey PRIMARY KEY (id);


--
-- Name: product_productimages product_productimages_pkey; Type: CONSTRAINT; Schema: public; Owner: postgres
--

ALTER TABLE ONLY public.product_productimages
    ADD CONSTRAINT product_productimages_pkey PRIMARY KEY (id);


--
-- Name: token_blacklist_blacklistedtoken token_blacklist_blacklistedtoken_pkey; Type: CONSTRAINT; Schema: public; Owner: postgres
--

ALTER TABLE ONLY public.token_blacklist_blacklistedtoken
    ADD CONSTRAINT token_blacklist_blacklistedtoken_pkey PRIMARY KEY (id);


--
-- Name: token_blacklist_blacklistedtoken token_blacklist_blacklistedtoken_token_id_key; Type: CONSTRAINT; Schema: public; Owner: postgres
--

ALTER TABLE ONLY public.token_blacklist_blacklistedtoken
    ADD CONSTRAINT token_blacklist_blacklistedtoken_token_id_key UNIQUE (token_id);


--
-- Name: token_blacklist_outstandingtoken token_blacklist_outstandingtoken_jti_hex_d9bdf6f7_uniq; Type: CONSTRAINT; Schema: public; Owner: postgres
--

ALTER TABLE ONLY public.token_blacklist_outstandingtoken
    ADD CONSTRAINT token_blacklist_outstandingtoken_jti_hex_d9bdf6f7_uniq UNIQUE (jti);


--
-- Name: token_blacklist_outstandingtoken token_blacklist_outstandingtoken_pkey; Type: CONSTRAINT; Schema: public; Owner: postgres
--

ALTER TABLE ONLY public.token_blacklist_outstandingtoken
    ADD CONSTRAINT token_blacklist_outstandingtoken_pkey PRIMARY KEY (id);


--
-- Name: account_user_groups_group_id_6c71f749; Type: INDEX; Schema: public; Owner: postgres
--

CREATE INDEX account_user_groups_group_id_6c71f749 ON public.account_user_groups USING btree (group_id);


--
-- Name: account_user_groups_user_id_14345e7b; Type: INDEX; Schema: public; Owner: postgres
--

CREATE INDEX account_user_groups_user_id_14345e7b ON public.account_user_groups USING btree (user_id);


--
-- Name: account_user_user_permissions_permission_id_66c44191; Type: INDEX; Schema: public; Owner: postgres
--

CREATE INDEX account_user_user_permissions_permission_id_66c44191 ON public.account_user_user_permissions USING btree (permission_id);


--
-- Name: account_user_user_permissions_user_id_cc42d270; Type: INDEX; Schema: public; Owner: postgres
--

CREATE INDEX account_user_user_permissions_user_id_cc42d270 ON public.account_user_user_permissions USING btree (user_id);


--
-- Name: account_user_username_d393f583_like; Type: INDEX; Schema: public; Owner: postgres
--

CREATE INDEX account_user_username_d393f583_like ON public.account_user USING btree (username varchar_pattern_ops);


--
-- Name: auth_group_name_a6ea08ec_like; Type: INDEX; Schema: public; Owner: postgres
--

CREATE INDEX auth_group_name_a6ea08ec_like ON public.auth_group USING btree (name varchar_pattern_ops);


--
-- Name: auth_group_permissions_group_id_b120cbf9; Type: INDEX; Schema: public; Owner: postgres
--

CREATE INDEX auth_group_permissions_group_id_b120cbf9 ON public.auth_group_permissions USING btree (group_id);


--
-- Name: auth_group_permissions_permission_id_84c5c92e; Type: INDEX; Schema: public; Owner: postgres
--

CREATE INDEX auth_group_permissions_permission_id_84c5c92e ON public.auth_group_permissions USING btree (permission_id);


--
-- Name: auth_permission_content_type_id_2f476e4b; Type: INDEX; Schema: public; Owner: postgres
--

CREATE INDEX auth_permission_content_type_id_2f476e4b ON public.auth_permission USING btree (content_type_id);


--
-- Name: checkout_address_user_id_id_b790a306; Type: INDEX; Schema: public; Owner: postgres
--

CREATE INDEX checkout_address_user_id_id_b790a306 ON public.checkout_address USING btree (user_id_id);


--
-- Name: checkout_cartitem_product_id_9d696373; Type: INDEX; Schema: public; Owner: postgres
--

CREATE INDEX checkout_cartitem_product_id_9d696373 ON public.checkout_cartitem USING btree (product_id);


--
-- Name: checkout_cartitem_user_id_eae7bf43; Type: INDEX; Schema: public; Owner: postgres
--

CREATE INDEX checkout_cartitem_user_id_eae7bf43 ON public.checkout_cartitem USING btree (user_id);


--
-- Name: django_admin_log_content_type_id_c4bce8eb; Type: INDEX; Schema: public; Owner: postgres
--

CREATE INDEX django_admin_log_content_type_id_c4bce8eb ON public.django_admin_log USING btree (content_type_id);


--
-- Name: django_admin_log_user_id_c564eba6; Type: INDEX; Schema: public; Owner: postgres
--

CREATE INDEX django_admin_log_user_id_c564eba6 ON public.django_admin_log USING btree (user_id);


--
-- Name: django_session_expire_date_a5c62663; Type: INDEX; Schema: public; Owner: postgres
--

CREATE INDEX django_session_expire_date_a5c62663 ON public.django_session USING btree (expire_date);


--
-- Name: django_session_session_key_c0390e0f_like; Type: INDEX; Schema: public; Owner: postgres
--

CREATE INDEX django_session_session_key_c0390e0f_like ON public.django_session USING btree (session_key varchar_pattern_ops);


--
-- Name: order_order_address_id_f6eb43ad; Type: INDEX; Schema: public; Owner: postgres
--

CREATE INDEX order_order_address_id_f6eb43ad ON public.order_order USING btree (address_id);


--
-- Name: order_order_customer_id_5bbbd957; Type: INDEX; Schema: public; Owner: postgres
--

CREATE INDEX order_order_customer_id_5bbbd957 ON public.order_order USING btree (customer_id);


--
-- Name: order_orderitem_order_id_aba34f44; Type: INDEX; Schema: public; Owner: postgres
--

CREATE INDEX order_orderitem_order_id_aba34f44 ON public.order_orderitem USING btree (order_id);


--
-- Name: order_orderitem_product_id_c5c6b07a; Type: INDEX; Schema: public; Owner: postgres
--

CREATE INDEX order_orderitem_product_id_c5c6b07a ON public.order_orderitem USING btree (product_id);


--
-- Name: payment_payment_user_id_f428ca02; Type: INDEX; Schema: public; Owner: postgres
--

CREATE INDEX payment_payment_user_id_f428ca02 ON public.payment_payment USING btree (user_id);


--
-- Name: product_comment_product_id_id_1b81f50e; Type: INDEX; Schema: public; Owner: postgres
--

CREATE INDEX product_comment_product_id_id_1b81f50e ON public.product_comment USING btree (product_id_id);


--
-- Name: product_comment_user_id_id_beb87953; Type: INDEX; Schema: public; Owner: postgres
--

CREATE INDEX product_comment_user_id_id_beb87953 ON public.product_comment USING btree (user_id_id);


--
-- Name: product_product_category_id_id_c3f31c00; Type: INDEX; Schema: public; Owner: postgres
--

CREATE INDEX product_product_category_id_id_c3f31c00 ON public.product_product USING btree (category_id_id);


--
-- Name: product_productimages_product_id_03f02217; Type: INDEX; Schema: public; Owner: postgres
--

CREATE INDEX product_productimages_product_id_03f02217 ON public.product_productimages USING btree (product_id);


--
-- Name: token_blacklist_outstandingtoken_jti_hex_d9bdf6f7_like; Type: INDEX; Schema: public; Owner: postgres
--

CREATE INDEX token_blacklist_outstandingtoken_jti_hex_d9bdf6f7_like ON public.token_blacklist_outstandingtoken USING btree (jti varchar_pattern_ops);


--
-- Name: token_blacklist_outstandingtoken_user_id_83bc629a; Type: INDEX; Schema: public; Owner: postgres
--

CREATE INDEX token_blacklist_outstandingtoken_user_id_83bc629a ON public.token_blacklist_outstandingtoken USING btree (user_id);


--
-- Name: account_user_groups account_user_groups_group_id_6c71f749_fk_auth_group_id; Type: FK CONSTRAINT; Schema: public; Owner: postgres
--

ALTER TABLE ONLY public.account_user_groups
    ADD CONSTRAINT account_user_groups_group_id_6c71f749_fk_auth_group_id FOREIGN KEY (group_id) REFERENCES public.auth_group(id) DEFERRABLE INITIALLY DEFERRED;


--
-- Name: account_user_groups account_user_groups_user_id_14345e7b_fk_account_user_id; Type: FK CONSTRAINT; Schema: public; Owner: postgres
--

ALTER TABLE ONLY public.account_user_groups
    ADD CONSTRAINT account_user_groups_user_id_14345e7b_fk_account_user_id FOREIGN KEY (user_id) REFERENCES public.account_user(id) DEFERRABLE INITIALLY DEFERRED;


--
-- Name: account_user_user_permissions account_user_user_pe_permission_id_66c44191_fk_auth_perm; Type: FK CONSTRAINT; Schema: public; Owner: postgres
--

ALTER TABLE ONLY public.account_user_user_permissions
    ADD CONSTRAINT account_user_user_pe_permission_id_66c44191_fk_auth_perm FOREIGN KEY (permission_id) REFERENCES public.auth_permission(id) DEFERRABLE INITIALLY DEFERRED;


--
-- Name: account_user_user_permissions account_user_user_pe_user_id_cc42d270_fk_account_u; Type: FK CONSTRAINT; Schema: public; Owner: postgres
--

ALTER TABLE ONLY public.account_user_user_permissions
    ADD CONSTRAINT account_user_user_pe_user_id_cc42d270_fk_account_u FOREIGN KEY (user_id) REFERENCES public.account_user(id) DEFERRABLE INITIALLY DEFERRED;


--
-- Name: auth_group_permissions auth_group_permissio_permission_id_84c5c92e_fk_auth_perm; Type: FK CONSTRAINT; Schema: public; Owner: postgres
--

ALTER TABLE ONLY public.auth_group_permissions
    ADD CONSTRAINT auth_group_permissio_permission_id_84c5c92e_fk_auth_perm FOREIGN KEY (permission_id) REFERENCES public.auth_permission(id) DEFERRABLE INITIALLY DEFERRED;


--
-- Name: auth_group_permissions auth_group_permissions_group_id_b120cbf9_fk_auth_group_id; Type: FK CONSTRAINT; Schema: public; Owner: postgres
--

ALTER TABLE ONLY public.auth_group_permissions
    ADD CONSTRAINT auth_group_permissions_group_id_b120cbf9_fk_auth_group_id FOREIGN KEY (group_id) REFERENCES public.auth_group(id) DEFERRABLE INITIALLY DEFERRED;


--
-- Name: auth_permission auth_permission_content_type_id_2f476e4b_fk_django_co; Type: FK CONSTRAINT; Schema: public; Owner: postgres
--

ALTER TABLE ONLY public.auth_permission
    ADD CONSTRAINT auth_permission_content_type_id_2f476e4b_fk_django_co FOREIGN KEY (content_type_id) REFERENCES public.django_content_type(id) DEFERRABLE INITIALLY DEFERRED;


--
-- Name: checkout_address checkout_address_user_id_id_b790a306_fk_account_user_id; Type: FK CONSTRAINT; Schema: public; Owner: postgres
--

ALTER TABLE ONLY public.checkout_address
    ADD CONSTRAINT checkout_address_user_id_id_b790a306_fk_account_user_id FOREIGN KEY (user_id_id) REFERENCES public.account_user(id) DEFERRABLE INITIALLY DEFERRED;


--
-- Name: checkout_cartitem checkout_cartitem_product_id_9d696373_fk_product_product_id; Type: FK CONSTRAINT; Schema: public; Owner: postgres
--

ALTER TABLE ONLY public.checkout_cartitem
    ADD CONSTRAINT checkout_cartitem_product_id_9d696373_fk_product_product_id FOREIGN KEY (product_id) REFERENCES public.product_product(id) DEFERRABLE INITIALLY DEFERRED;


--
-- Name: checkout_cartitem checkout_cartitem_user_id_eae7bf43_fk_account_user_id; Type: FK CONSTRAINT; Schema: public; Owner: postgres
--

ALTER TABLE ONLY public.checkout_cartitem
    ADD CONSTRAINT checkout_cartitem_user_id_eae7bf43_fk_account_user_id FOREIGN KEY (user_id) REFERENCES public.account_user(id) DEFERRABLE INITIALLY DEFERRED;


--
-- Name: django_admin_log django_admin_log_content_type_id_c4bce8eb_fk_django_co; Type: FK CONSTRAINT; Schema: public; Owner: postgres
--

ALTER TABLE ONLY public.django_admin_log
    ADD CONSTRAINT django_admin_log_content_type_id_c4bce8eb_fk_django_co FOREIGN KEY (content_type_id) REFERENCES public.django_content_type(id) DEFERRABLE INITIALLY DEFERRED;


--
-- Name: django_admin_log django_admin_log_user_id_c564eba6_fk_account_user_id; Type: FK CONSTRAINT; Schema: public; Owner: postgres
--

ALTER TABLE ONLY public.django_admin_log
    ADD CONSTRAINT django_admin_log_user_id_c564eba6_fk_account_user_id FOREIGN KEY (user_id) REFERENCES public.account_user(id) DEFERRABLE INITIALLY DEFERRED;


--
-- Name: order_order order_order_address_id_f6eb43ad_fk_checkout_address_id; Type: FK CONSTRAINT; Schema: public; Owner: postgres
--

ALTER TABLE ONLY public.order_order
    ADD CONSTRAINT order_order_address_id_f6eb43ad_fk_checkout_address_id FOREIGN KEY (address_id) REFERENCES public.checkout_address(id) DEFERRABLE INITIALLY DEFERRED;


--
-- Name: order_order order_order_customer_id_5bbbd957_fk_account_user_id; Type: FK CONSTRAINT; Schema: public; Owner: postgres
--

ALTER TABLE ONLY public.order_order
    ADD CONSTRAINT order_order_customer_id_5bbbd957_fk_account_user_id FOREIGN KEY (customer_id) REFERENCES public.account_user(id) DEFERRABLE INITIALLY DEFERRED;


--
-- Name: order_orderitem order_orderitem_order_id_aba34f44_fk_order_order_id; Type: FK CONSTRAINT; Schema: public; Owner: postgres
--

ALTER TABLE ONLY public.order_orderitem
    ADD CONSTRAINT order_orderitem_order_id_aba34f44_fk_order_order_id FOREIGN KEY (order_id) REFERENCES public.order_order(id) DEFERRABLE INITIALLY DEFERRED;


--
-- Name: order_orderitem order_orderitem_product_id_c5c6b07a_fk_product_product_id; Type: FK CONSTRAINT; Schema: public; Owner: postgres
--

ALTER TABLE ONLY public.order_orderitem
    ADD CONSTRAINT order_orderitem_product_id_c5c6b07a_fk_product_product_id FOREIGN KEY (product_id) REFERENCES public.product_product(id) DEFERRABLE INITIALLY DEFERRED;


--
-- Name: payment_payment payment_payment_user_id_f428ca02_fk_account_user_id; Type: FK CONSTRAINT; Schema: public; Owner: postgres
--

ALTER TABLE ONLY public.payment_payment
    ADD CONSTRAINT payment_payment_user_id_f428ca02_fk_account_user_id FOREIGN KEY (user_id) REFERENCES public.account_user(id) DEFERRABLE INITIALLY DEFERRED;


--
-- Name: product_comment product_comment_product_id_id_1b81f50e_fk_product_product_id; Type: FK CONSTRAINT; Schema: public; Owner: postgres
--

ALTER TABLE ONLY public.product_comment
    ADD CONSTRAINT product_comment_product_id_id_1b81f50e_fk_product_product_id FOREIGN KEY (product_id_id) REFERENCES public.product_product(id) DEFERRABLE INITIALLY DEFERRED;


--
-- Name: product_comment product_comment_user_id_id_beb87953_fk_account_user_id; Type: FK CONSTRAINT; Schema: public; Owner: postgres
--

ALTER TABLE ONLY public.product_comment
    ADD CONSTRAINT product_comment_user_id_id_beb87953_fk_account_user_id FOREIGN KEY (user_id_id) REFERENCES public.account_user(id) DEFERRABLE INITIALLY DEFERRED;


--
-- Name: product_product product_product_category_id_id_c3f31c00_fk_product_category_id; Type: FK CONSTRAINT; Schema: public; Owner: postgres
--

ALTER TABLE ONLY public.product_product
    ADD CONSTRAINT product_product_category_id_id_c3f31c00_fk_product_category_id FOREIGN KEY (category_id_id) REFERENCES public.product_category(id) DEFERRABLE INITIALLY DEFERRED;


--
-- Name: product_productimages product_productimages_product_id_03f02217_fk_product_product_id; Type: FK CONSTRAINT; Schema: public; Owner: postgres
--

ALTER TABLE ONLY public.product_productimages
    ADD CONSTRAINT product_productimages_product_id_03f02217_fk_product_product_id FOREIGN KEY (product_id) REFERENCES public.product_product(id) DEFERRABLE INITIALLY DEFERRED;


--
-- Name: token_blacklist_blacklistedtoken token_blacklist_blacklistedtoken_token_id_3cc7fe56_fk; Type: FK CONSTRAINT; Schema: public; Owner: postgres
--

ALTER TABLE ONLY public.token_blacklist_blacklistedtoken
    ADD CONSTRAINT token_blacklist_blacklistedtoken_token_id_3cc7fe56_fk FOREIGN KEY (token_id) REFERENCES public.token_blacklist_outstandingtoken(id) DEFERRABLE INITIALLY DEFERRED;


--
-- Name: token_blacklist_outstandingtoken token_blacklist_outs_user_id_83bc629a_fk_account_u; Type: FK CONSTRAINT; Schema: public; Owner: postgres
--

ALTER TABLE ONLY public.token_blacklist_outstandingtoken
    ADD CONSTRAINT token_blacklist_outs_user_id_83bc629a_fk_account_u FOREIGN KEY (user_id) REFERENCES public.account_user(id) DEFERRABLE INITIALLY DEFERRED;


--
-- PostgreSQL database dump complete
--

